"","Inv","Pop","good_p","bad_p","miss_p","max"
"1","HsInv0003","GLB",0,0.966666666666667,0.0333333333333333,"bad_p"
"2","HsInv0004","GLB",0,0.883720930232558,0.116279069767442,"bad_p"
"3","HsInv0006","GLB",0,0.797872340425532,0.202127659574468,"bad_p"
"5","HsInv0031","GLB",0,0.833333333333333,0.166666666666667,"bad_p"
"6","HsInv0040","GLB",0,0.897727272727273,0.102272727272727,"bad_p"
"7","HsInv0041","GLB",0,0.785714285714286,0.214285714285714,"bad_p"
"8","HsInv0045","GLB",0,0.888888888888889,0.111111111111111,"bad_p"
"10","HsInv0058","GLB",0,0,1,"miss_p"
"11","HsInv0059","GLB",0,0.714285714285714,0.285714285714286,"bad_p"
"13","HsInv0063","GLB",0,0.904761904761905,0.0952380952380952,"bad_p"
"14","HsInv0068","GLB",0,0.916666666666667,0.0833333333333333,"bad_p"
"16","HsInv0092","GLB",0,0.875,0.125,"bad_p"
"17","HsInv0095","GLB",0,0.933333333333333,0.0666666666666667,"bad_p"
"18","HsInv0097","GLB",0,0,1,"miss_p"
"19","HsInv0098","GLB",0,0.858823529411765,0.141176470588235,"bad_p"
"20","HsInv0102","GLB",0,0,1,"miss_p"
"21","HsInv0105","GLB",0,0.5,0.5,"bad_p"
"22","HsInv0114","GLB",0,0.833333333333333,0.166666666666667,"bad_p"
"24","HsInv0201","GLB",0,0.880733944954128,0.119266055045872,"bad_p"
"25","HsInv0209","GLB",0,0.833333333333333,0.166666666666667,"bad_p"
"27","HsInv0260","GLB",0,1,0,"bad_p"
"29","HsInv0284","GLB",0,0,1,"miss_p"
"32","HsInv0347","GLB",0,0.8,0.2,"bad_p"
"33","HsInv0379","GLB",0,0,1,"miss_p"
"34","HsInv0389","GLB",0,0,1,"miss_p"
"38","HsInv0409","GLB",0,0,1,"miss_p"
"39","HsInv0790","GLB",0,0,1,"miss_p"
"41","HsInv0003","EUR",0,0.9,0.1,"bad_p"
"42","HsInv0004","EUR",0,0.87434554973822,0.12565445026178,"bad_p"
"43","HsInv0006","EUR",0,0.759036144578313,0.240963855421687,"bad_p"
"45","HsInv0031","EUR",0,0.863636363636364,0.136363636363636,"bad_p"
"46","HsInv0040","EUR",0,0.918518518518519,0.0814814814814815,"bad_p"
"47","HsInv0041","EUR",0,0.849315068493151,0.150684931506849,"bad_p"
"48","HsInv0045","EUR",0,0.909090909090909,0.0909090909090909,"bad_p"
"49","HsInv0055","EUR",0,0,1,"miss_p"
"50","HsInv0058","EUR",0,0,1,"miss_p"
"51","HsInv0059","EUR",0,0.75,0.25,"bad_p"
"53","HsInv0063","EUR",0,0.86,0.14,"bad_p"
"54","HsInv0068","EUR",0,0.923076923076923,0.0769230769230769,"bad_p"
"56","HsInv0092","EUR",0,0.875,0.125,"bad_p"
"57","HsInv0095","EUR",0,0.852941176470588,0.147058823529412,"bad_p"
"59","HsInv0098","EUR",0,0.850393700787402,0.149606299212598,"bad_p"
"60","HsInv0102","EUR",0,0.8,0.2,"bad_p"
"61","HsInv0105","EUR",0,0.91304347826087,0.0869565217391304,"bad_p"
"62","HsInv0114","EUR",0,0.909090909090909,0.0909090909090909,"bad_p"
"63","HsInv0124","EUR",0,1,0,"bad_p"
"64","HsInv0201","EUR",0,0.871244635193133,0.128755364806867,"bad_p"
"65","HsInv0209","EUR",0,1,0,"bad_p"
"67","HsInv0260","EUR",0,0.92,0.08,"bad_p"
"68","HsInv0266","EUR",0,0.75,0.25,"bad_p"
"70","HsInv0340","EUR",0.428571428571429,0,0.571428571428571,"miss_p"
"72","HsInv0347","EUR",0,0.87248322147651,0.12751677852349,"bad_p"
"75","HsInv0393","EUR",0,0,1,"miss_p"
"77","HsInv0403","EUR",0,0,1,"miss_p"
"78","HsInv0409","EUR",0,0,1,"miss_p"
"81","HsInv0003","AFR",0.962962962962963,0,0.037037037037037,"good_p"
"82","HsInv0004","AFR",0.894736842105263,0,0.105263157894737,"good_p"
"83","HsInv0006","AFR",0.848484848484849,0,0.151515151515152,"good_p"
"85","HsInv0031","AFR",0.8,0,0.2,"good_p"
"86","HsInv0040","AFR",0.894736842105263,0,0.105263157894737,"good_p"
"87","HsInv0041","AFR",0.769230769230769,0,0.230769230769231,"good_p"
"88","HsInv0045","AFR",0.854166666666667,0,0.145833333333333,"good_p"
"90","HsInv0058","AFR",0,0,1,"miss_p"
"91","HsInv0059","AFR",0.75,0,0.25,"good_p"
"93","HsInv0063","AFR",1,0,0,"good_p"
"94","HsInv0068","AFR",1,0,0,"good_p"
"95","HsInv0072","AFR",0,0,1,"miss_p"
"96","HsInv0092","AFR",0.916666666666667,0,0.0833333333333333,"good_p"
"97","HsInv0095","AFR",0.818181818181818,0.181818181818182,0,"good_p"
"98","HsInv0097","AFR",0,0,1,"miss_p"
"99","HsInv0098","AFR",0.904761904761905,0,0.142857142857143,"good_p"
"100","HsInv0102","AFR",0,0,1,"miss_p"
"101","HsInv0105","AFR",0.5,0,0.5,"good_p"
"104","HsInv0201","AFR",0.740740740740741,0,0.259259259259259,"good_p"
"105","HsInv0209","AFR",0.714285714285714,0,0.285714285714286,"good_p"
"107","HsInv0260","AFR",1,0,0,"good_p"
"109","HsInv0284","AFR",0,0,1,"miss_p"
"118","HsInv0409","AFR",0,0,1,"miss_p"
"119","HsInv0790","AFR",0,0,1,"miss_p"
"122","HsInv0004","EAS",0.870056497175141,0,0.129943502824859,"good_p"
"123","HsInv0006","EAS",0.785714285714286,0.0119047619047619,0.202380952380952,"good_p"
"125","HsInv0031","EAS",0.857142857142857,0,0.142857142857143,"good_p"
"126","HsInv0040","EAS",0.393939393939394,0.522727272727273,0.0833333333333333,"bad_p"
"127","HsInv0041","EAS",0.844660194174757,0,0.155339805825243,"good_p"
"128","HsInv0045","EAS",0.878378378378378,0.0135135135135135,0.108108108108108,"good_p"
"130","HsInv0058","EAS",0,0,1,"miss_p"
"131","HsInv0059","EAS",0.730769230769231,0.0769230769230769,0.192307692307692,"good_p"
"132","HsInv0061","EAS",0,0,1,"miss_p"
"133","HsInv0063","EAS",0.921052631578947,0,0.0789473684210526,"good_p"
"136","HsInv0092","EAS",0.962962962962963,0,0.037037037037037,"good_p"
"137","HsInv0095","EAS",0.914285714285714,0,0.0857142857142857,"good_p"
"139","HsInv0098","EAS",0.833333333333333,0,0.166666666666667,"good_p"
"140","HsInv0102","EAS",0,0,1,"miss_p"
"141","HsInv0105","EAS",0.964285714285714,0,0.0357142857142857,"good_p"
"142","HsInv0114","EAS",0.4,0,0.6,"miss_p"
"143","HsInv0124","EAS",0.8,0,0.2,"good_p"
"144","HsInv0201","EAS",0.894736842105263,0.0087719298245614,0.0964912280701754,"good_p"
"145","HsInv0209","EAS",0,0,1,"miss_p"
"146","HsInv0241","EAS",0,0,1,"miss_p"
"147","HsInv0260","EAS",0.939393939393939,0,0.0606060606060606,"good_p"
"152","HsInv0347","EAS",0.828125,0,0.171875,"good_p"
"153","HsInv0379","EAS",0,0,1,"miss_p"
"154","HsInv0389","EAS",0,0,1,"miss_p"
"158","HsInv0409","EAS",0,0,1,"miss_p"
"160","HsInv0832","EAS",0,0,1,"miss_p"
